Employee ID,Department,Location,Gender,Monthly Salary,Years of Experience,Performance Rating
EMP0001,HR,Branch A,Male,3805.19,13,4
EMP0002,Marketing,Branch B,Female,4470.64,8,4
EMP0003,Marketing,Branch B,Male,6458.77,20,1
EMP0004,Engineering,Remote,Male,6927.9,19,1
EMP0005,Sales,Remote,Female,9661.07,3,4
EMP0006,Sales,Branch A,Female,8322.94,2,3
EMP0007,Engineering,Branch B,Female,8608.23,5,1
EMP0008,Sales,Remote,Male,9969.52,25,1
EMP0009,HR,Branch B,Male,6726.27,1,1
EMP0010,HR,Branch B,Female,7493.19,14,1
EMP0011,Marketing,Branch A,Other,3929.91,17,2
EMP0012,Sales,Branch B,Female,5306.97,17,5
EMP0013,Finance,Branch B,Male,7457.42,25,2
EMP0014,Engineering,Branch B,Male,4972.45,7,1
EMP0015,Marketing,Branch A,Other,9768.52,7,2
EMP0016,Marketing,Branch B,Male,8276.74,2,3
EMP0017,Marketing,Branch B,Other,4886.68,8,5
EMP0018,Finance,Branch A,Male,5198.67,2,1
EMP0019,HR,Remote,Male,4759.95,12,2
EMP0020,Finance,Remote,Female,6053.37,3,4
EMP0021,Marketing,Branch B,Other,8772.39,9,5
EMP0022,HR,Head Office,Other,3916.79,5,5
EMP0023,Marketing,Remote,Male,4341.21,4,1
EMP0024,HR,Remote,Female,3996.01,2,5
EMP0025,Finance,Remote,Other,3757.69,6,1
EMP0026,Marketing,Head Office,Other,5806.74,20,3
EMP0027,Sales,Branch B,Female,4046.96,24,1
EMP0028,HR,Head Office,Other,5683.18,10,5
EMP0029,HR,Branch B,Male,7043.79,21,5
EMP0030,HR,Remote,Male,7873.97,5,3
EMP0031,Finance,Branch A,Other,7973.31,4,3
EMP0032,Sales,Remote,Male,9539.79,25,3
EMP0033,HR,Remote,Female,5424.48,21,4
EMP0034,Marketing,Head Office,Male,7045.61,21,3
EMP0035,Engineering,Head Office,Male,5596.23,25,4
EMP0036,Engineering,Branch B,Other,7776.0,16,3
EMP0037,Finance,Branch A,Female,8377.71,14,4
EMP0038,Engineering,Head Office,Other,5254.14,25,5
EMP0039,Marketing,Branch A,Female,9398.8,17,4
EMP0040,Finance,Remote,Male,6204.45,19,3
EMP0041,Marketing,Remote,Male,4168.03,24,5
EMP0042,HR,Head Office,Female,7486.52,20,4
EMP0043,HR,Branch B,Female,9172.43,4,1
EMP0044,Sales,Head Office,Male,4660.59,9,2
EMP0045,Sales,Head Office,Female,7718.49,3,4
EMP0046,Marketing,Branch B,Female,8732.26,16,3
EMP0047,Marketing,Branch B,Male,7455.75,1,2
EMP0048,Sales,Head Office,Other,9912.79,14,4
EMP0049,Finance,Branch A,Female,6285.11,19,5
EMP0050,Finance,Branch A,Other,5591.16,14,5
EMP0051,Finance,Remote,Male,6003.39,13,1
EMP0052,Engineering,Branch A,Male,7389.47,6,5
EMP0053,Sales,Branch A,Male,8854.64,5,3
EMP0054,HR,Remote,Male,5897.42,15,5
EMP0055,HR,Branch B,Male,6981.48,8,1
EMP0056,Engineering,Head Office,Other,9336.35,24,3
EMP0057,Sales,Branch B,Female,6649.98,12,2
EMP0058,Engineering,Head Office,Male,6904.36,24,4
EMP0059,Engineering,Head Office,Female,5363.76,22,3
EMP0060,Marketing,Branch A,Other,3988.98,25,2
EMP0061,Finance,Branch A,Female,5454.38,20,1
EMP0062,Sales,Branch A,Other,7280.77,20,2
EMP0063,HR,Remote,Male,9258.74,12,2
EMP0064,HR,Branch A,Other,3127.69,8,5
EMP0065,HR,Remote,Female,9092.58,13,4
EMP0066,Sales,Branch A,Female,8823.72,22,3
EMP0067,Marketing,Branch A,Male,5176.27,2,5
EMP0068,Marketing,Remote,Other,4417.36,19,1
EMP0069,HR,Remote,Female,7738.28,9,4
EMP0070,Marketing,Branch B,Male,7295.92,15,1
EMP0071,Sales,Branch B,Male,4943.8,18,3
EMP0072,Finance,Remote,Female,3869.07,23,3
EMP0073,Finance,Head Office,Other,3249.47,2,2
EMP0074,Finance,Branch A,Male,3326.41,8,4
EMP0075,Sales,Branch B,Male,8743.95,24,3
EMP0076,Sales,Head Office,Male,8477.16,15,3
EMP0077,Finance,Branch B,Other,8219.59,7,3
EMP0078,Marketing,Head Office,Male,9471.02,25,4
EMP0079,Engineering,Remote,Male,8296.59,8,5
EMP0080,Engineering,Branch A,Female,4846.33,21,2
EMP0081,Finance,Branch B,Male,5656.18,17,2
EMP0082,HR,Remote,Other,9863.85,1,3
EMP0083,Sales,Remote,Other,4512.99,13,4
EMP0084,Marketing,Head Office,Other,3960.58,15,4
EMP0085,HR,Branch B,Male,8209.95,12,1
EMP0086,Marketing,Head Office,Male,9678.13,2,3
EMP0087,HR,Head Office,Female,4047.82,12,1
EMP0088,HR,Branch B,Female,6905.52,23,5
EMP0089,HR,Head Office,Other,6567.51,12,4
EMP0090,Finance,Head Office,Male,5080.45,23,2
EMP0091,Marketing,Branch A,Male,7752.87,5,4
EMP0092,Sales,Branch B,Other,3585.14,4,3
EMP0093,Marketing,Branch A,Female,6050.17,2,5
EMP0094,HR,Remote,Female,5432.41,7,1
EMP0095,Finance,Branch A,Male,7103.88,2,1
EMP0096,Engineering,Branch B,Female,3060.67,1,3
EMP0097,Engineering,Head Office,Male,9283.09,9,4
EMP0098,HR,Branch B,Male,9312.13,7,1
EMP0099,HR,Remote,Female,3989.63,21,5
EMP0100,Finance,Remote,Other,9673.78,2,5
EMP0101,Engineering,Branch B,Other,8513.03,13,1
EMP0102,Engineering,Branch B,Other,8997.14,25,2
EMP0103,Finance,Branch A,Male,8952.92,13,2
EMP0104,Sales,Head Office,Male,7492.65,11,4
EMP0105,Finance,Head Office,Male,3052.26,4,5
EMP0106,Sales,Branch B,Female,3065.98,6,2
EMP0107,HR,Head Office,Female,6986.71,22,1
EMP0108,Finance,Remote,Male,6044.67,3,4
EMP0109,Finance,Remote,Male,4464.69,3,1
EMP0110,Finance,Head Office,Male,5830.46,12,1
EMP0111,Marketing,Head Office,Male,7250.86,20,1
EMP0112,Sales,Branch B,Female,4915.04,7,1
EMP0113,Marketing,Branch A,Male,5748.8,17,4
EMP0114,Engineering,Branch B,Female,4656.51,6,5
EMP0115,Engineering,Remote,Female,8423.7,24,2
EMP0116,Sales,Branch B,Male,4332.38,1,4
EMP0117,Sales,Branch B,Male,5193.85,13,3
EMP0118,Marketing,Head Office,Other,3699.59,12,1
EMP0119,Sales,Branch A,Other,5963.18,4,3
EMP0120,Marketing,Head Office,Other,5512.42,9,1
EMP0121,Marketing,Branch B,Female,4088.15,20,3
EMP0122,Sales,Branch B,Other,8512.04,10,3
EMP0123,Sales,Branch A,Female,3071.86,20,5
EMP0124,Sales,Head Office,Other,5307.77,11,2
EMP0125,Engineering,Branch A,Other,6174.09,9,1
EMP0126,Engineering,Branch B,Other,6882.51,13,4
EMP0127,Sales,Head Office,Male,4498.71,8,2
EMP0128,Marketing,Branch A,Female,5455.34,16,5
EMP0129,Engineering,Head Office,Male,4230.96,19,3
EMP0130,Engineering,Branch A,Female,7133.68,4,4
EMP0131,HR,Branch B,Other,7383.63,3,5
EMP0132,Finance,Branch B,Male,7330.56,8,4
EMP0133,Engineering,Remote,Female,9994.31,23,1
EMP0134,HR,Remote,Female,7826.55,22,2
EMP0135,HR,Head Office,Female,9744.84,7,2
EMP0136,Marketing,Branch B,Male,6151.77,3,5
EMP0137,Engineering,Head Office,Female,4990.3,16,2
EMP0138,Marketing,Branch A,Male,9750.01,10,1
EMP0139,Sales,Branch B,Female,8908.08,2,4
EMP0140,Sales,Branch A,Male,7200.17,22,3
EMP0141,Marketing,Branch A,Female,5625.06,14,2
EMP0142,HR,Branch B,Male,5362.2,21,2
EMP0143,Marketing,Head Office,Female,3660.85,16,5
EMP0144,Marketing,Head Office,Male,4854.01,11,1
EMP0145,Marketing,Branch A,Male,6279.49,2,3
EMP0146,Marketing,Remote,Female,7598.95,12,3
EMP0147,Marketing,Head Office,Male,3601.73,25,4
EMP0148,Finance,Head Office,Female,3140.05,12,1
EMP0149,Sales,Head Office,Female,3399.45,23,2
EMP0150,Marketing,Branch A,Male,3629.26,9,4
EMP0151,Sales,Remote,Male,3720.06,18,4
EMP0152,Finance,Branch B,Female,4885.54,9,5
EMP0153,Engineering,Branch A,Female,4268.75,13,2
EMP0154,Sales,Head Office,Male,6181.94,2,1
EMP0155,HR,Remote,Other,6317.97,3,1
EMP0156,Marketing,Branch A,Male,6449.26,15,5
EMP0157,Marketing,Remote,Male,7460.26,6,5
EMP0158,Finance,Remote,Male,5212.7,13,2
EMP0159,HR,Branch B,Female,3130.88,7,2
EMP0160,Sales,Branch B,Female,8906.55,25,3
EMP0161,Finance,Remote,Other,6302.56,13,4
EMP0162,Engineering,Branch A,Female,3324.66,16,3
EMP0163,Engineering,Head Office,Male,9577.88,19,3
EMP0164,Marketing,Branch A,Female,6035.78,9,2
EMP0165,Finance,Remote,Female,3628.69,9,2
EMP0166,Sales,Head Office,Female,7963.02,5,4
EMP0167,HR,Head Office,Female,7219.04,13,3
EMP0168,Engineering,Head Office,Male,9519.06,17,3
EMP0169,Engineering,Branch A,Male,4474.78,6,2
EMP0170,Sales,Branch B,Female,6971.22,9,4
EMP0171,Engineering,Branch A,Male,5986.5,10,3
EMP0172,Engineering,Head Office,Male,4021.09,16,5
EMP0173,HR,Branch A,Female,5730.93,16,2
EMP0174,Sales,Branch B,Other,6102.62,19,4
EMP0175,Finance,Branch B,Female,9036.5,8,5
EMP0176,Marketing,Remote,Female,7944.7,22,1
EMP0177,Sales,Remote,Other,8215.04,24,5
EMP0178,Marketing,Branch B,Male,3338.42,16,4
EMP0179,Engineering,Remote,Male,7353.03,11,3
EMP0180,Sales,Head Office,Female,5696.9,13,1
EMP0181,Engineering,Branch B,Female,6168.45,16,4
EMP0182,HR,Remote,Other,4464.33,19,1
EMP0183,Sales,Branch A,Other,4038.5,6,2
EMP0184,Marketing,Remote,Male,3898.8,3,4
EMP0185,Sales,Remote,Female,5907.76,17,2
EMP0186,HR,Head Office,Male,6493.96,18,2
EMP0187,Engineering,Branch B,Male,6185.7,10,2
EMP0188,Engineering,Head Office,Female,8571.98,12,4
EMP0189,Engineering,Branch A,Other,4301.08,11,5
EMP0190,Engineering,Branch B,Female,9332.65,11,4
EMP0191,Engineering,Remote,Female,4490.3,22,3
EMP0192,Finance,Head Office,Female,5472.97,18,1
EMP0193,Engineering,Head Office,Male,6077.66,25,1
EMP0194,Engineering,Head Office,Female,7400.83,19,2
EMP0195,Finance,Remote,Male,9521.48,16,1
EMP0196,Finance,Branch B,Female,4456.09,20,5
EMP0197,Finance,Branch B,Female,8099.61,18,4
EMP0198,Marketing,Head Office,Other,8000.25,14,4
EMP0199,Sales,Remote,Female,3924.46,22,5
EMP0200,Engineering,Branch B,Other,5240.7,22,4
EMP0201,Marketing,Branch A,Male,9158.81,25,4
EMP0202,Engineering,Branch A,Other,3321.24,23,5
EMP0203,HR,Head Office,Female,3973.83,7,3
EMP0204,Finance,Remote,Male,3916.46,13,4
EMP0205,Engineering,Head Office,Other,7854.3,1,3
EMP0206,Marketing,Branch B,Other,6705.57,16,3
EMP0207,Engineering,Head Office,Female,8921.23,14,3
EMP0208,HR,Branch B,Other,3750.0,23,2
EMP0209,Engineering,Branch B,Male,6570.55,24,4
EMP0210,Sales,Remote,Other,6550.79,12,5
EMP0211,Sales,Head Office,Other,4771.83,23,2
EMP0212,Sales,Branch A,Female,5527.74,7,5
EMP0213,Marketing,Branch B,Female,9451.31,18,2
EMP0214,Marketing,Head Office,Female,6599.17,5,1
EMP0215,Finance,Head Office,Male,8590.59,9,2
EMP0216,Finance,Branch A,Male,5368.55,23,5
EMP0217,HR,Remote,Other,4976.02,4,5
EMP0218,HR,Head Office,Male,6629.23,20,4
EMP0219,HR,Branch B,Other,6760.22,12,5
EMP0220,Engineering,Head Office,Other,7260.34,7,4
EMP0221,Engineering,Branch B,Other,6967.9,21,4
EMP0222,Finance,Head Office,Female,7803.97,10,2
EMP0223,Engineering,Branch A,Male,8749.66,10,1
EMP0224,HR,Branch A,Other,7995.53,2,4
EMP0225,HR,Remote,Female,5289.96,23,1
EMP0226,Engineering,Branch B,Other,9524.26,3,1
EMP0227,Sales,Head Office,Other,5710.93,11,2
EMP0228,Engineering,Remote,Other,6429.1,7,5
EMP0229,Finance,Remote,Male,9107.05,25,5
EMP0230,Sales,Head Office,Other,7536.37,5,1
EMP0231,Engineering,Branch A,Male,9418.19,7,2
EMP0232,HR,Branch B,Female,6714.4,8,2
EMP0233,Sales,Branch B,Male,8066.58,11,4
EMP0234,HR,Branch A,Female,9646.03,3,2
EMP0235,Engineering,Branch B,Female,6308.52,24,5
EMP0236,HR,Branch A,Other,5094.65,10,1
EMP0237,Finance,Branch A,Male,7128.37,12,5
EMP0238,Engineering,Branch A,Other,6580.72,4,2
EMP0239,Marketing,Head Office,Other,8254.92,5,4
EMP0240,Marketing,Branch A,Male,8536.87,21,1
EMP0241,HR,Branch A,Male,7871.43,18,1
EMP0242,HR,Head Office,Male,3742.65,14,2
EMP0243,Engineering,Head Office,Male,7476.06,11,1
EMP0244,Marketing,Branch A,Female,7420.19,22,3
EMP0245,Engineering,Branch A,Male,5768.45,20,3
EMP0246,Engineering,Head Office,Male,7686.85,25,3
EMP0247,Marketing,Branch A,Male,6604.22,20,2
EMP0248,Sales,Branch A,Male,6484.91,15,5
EMP0249,Engineering,Branch B,Other,5191.33,23,1
EMP0250,Finance,Branch A,Other,9764.91,24,4
EMP0251,HR,Remote,Male,7819.93,16,5
EMP0252,Sales,Head Office,Other,3934.26,4,2
EMP0253,Engineering,Head Office,Other,4236.23,7,5
EMP0254,Finance,Head Office,Other,3315.1,9,1
EMP0255,Sales,Branch B,Other,5045.15,7,5
EMP0256,HR,Remote,Female,5045.32,14,2
EMP0257,Finance,Branch B,Male,6243.93,6,5
EMP0258,HR,Head Office,Male,9221.48,14,5
EMP0259,Sales,Branch B,Female,7481.25,8,3
EMP0260,Sales,Branch A,Other,3764.5,7,1
EMP0261,Engineering,Branch B,Female,5071.94,18,4
EMP0262,Sales,Remote,Other,4582.88,5,3
EMP0263,HR,Head Office,Male,6471.02,10,2
EMP0264,Marketing,Head Office,Male,3400.02,23,5
EMP0265,Finance,Head Office,Other,7960.49,7,4
EMP0266,Marketing,Head Office,Male,7029.5,13,3
EMP0267,Finance,Head Office,Female,5514.41,2,4
EMP0268,Finance,Remote,Male,6344.26,19,3
EMP0269,Marketing,Branch A,Other,9661.42,5,5
EMP0270,Finance,Branch B,Other,9864.85,1,1
EMP0271,Engineering,Branch B,Male,5320.1,14,5
EMP0272,Marketing,Head Office,Other,6793.45,15,4
EMP0273,Marketing,Head Office,Male,3909.89,6,4
EMP0274,Marketing,Remote,Other,8106.61,4,1
EMP0275,HR,Branch A,Male,3239.95,24,1
EMP0276,Engineering,Branch B,Female,4663.19,6,4
EMP0277,HR,Branch A,Female,9509.93,4,5
EMP0278,Engineering,Branch A,Male,3556.37,22,4
EMP0279,Finance,Branch B,Other,3596.48,8,1
EMP0280,HR,Branch A,Female,7758.43,13,1
EMP0281,Engineering,Branch A,Other,6174.38,6,4
EMP0282,Finance,Branch A,Male,7561.39,22,4
EMP0283,Sales,Head Office,Male,8707.08,12,5
EMP0284,Finance,Remote,Female,3627.25,18,2
EMP0285,Engineering,Head Office,Male,6334.55,10,3
EMP0286,Marketing,Head Office,Male,3964.35,7,2
EMP0287,HR,Branch B,Male,9211.51,5,4
EMP0288,Sales,Branch B,Other,7000.92,14,4
EMP0289,Sales,Branch B,Male,6832.89,14,4
EMP0290,Engineering,Head Office,Male,5004.91,10,3
EMP0291,Marketing,Branch A,Female,5540.38,1,4
EMP0292,Engineering,Head Office,Female,5917.76,16,1
EMP0293,Finance,Branch A,Male,9988.16,23,2
EMP0294,Marketing,Head Office,Male,8230.4,18,4
EMP0295,HR,Head Office,Female,8474.82,15,1
EMP0296,HR,Branch A,Male,6362.11,8,3
EMP0297,Engineering,Branch B,Male,4493.66,17,5
EMP0298,Finance,Branch B,Male,7327.95,18,2
EMP0299,Marketing,Branch A,Male,8739.78,3,2
EMP0300,Engineering,Branch B,Female,6470.41,4,2
